{
  "name": "cbig_gpan_national2040",
  "datapackage_version": "1.0.0",
  "title": "Zonation results data for national analysis for year 2040.",
  "description": "Datapackage (4 out of 4) for the publication 'Global protected area expansion is compromised by projected land-use and parochialism'",
  "homepage": "https://avaa.tdata.fi/web/cbig/gpan",
  "version": "1.0",
  "keywords": [
    "biology",
    "ecology",
    "biodiversity",
    "spatial conservation prioritization",
    "Zonation"
  ],
  "licenses": [
    {
      "url": "https://creativecommons.org/licenses/by/4.0/",
      "name": "Creative Commons Attribution 4.0 International (CC BY 4.0)",
      "version": "4.0",
      "id": "cc-by"
    }
  ],
  "sources": [
    {
      "name": "Conservation Biology Informatics Group",
      "web": "http://cbig.it.helsinki.fi/"
    }
  ],
  "contributors": [],
  "maintainers": [
    {
      "name": "Tuuli Toivonen",
      "email": "tuuli.toivonen@helsinki.fi",
      "web": "http://tuhat.halvi.helsinki.fi/portal/fi/person/tutoivon"
    },
    {
      "name": "Joona Lehtomäki",
      "email": "joona.lehtomaki@helsinki.fi",
      "web": "http://tuhat.halvi.helsinki.fi/portal/fi/person/jlehtoma"
    }
  ],
  "publishers": [
    {}
  ],
  "resources": [
    {
      "path": "data/cbig_gpan_national2040.tif",
      "raster_metadata": {
        "driver": "GTiff/GeoTIFF",
        "files": [
          "cbig_gpan_national2000.tif"
        ],
        "size": [
          1800, 
          900
                  ],
        "crs": "EPSG:4326",
        "origin": [
          0,
          0
        ],
        "pixel_size": [
          0.2,
          -0.2
        ],
        "metadata": {
          "TIFFTAG_RESOLUTIONUNIT": "2 (pixels/inch)",
          "TIFFTAG_XRESOLUTION": 254,
          "TIFFTAG_YRESOLUTION": 254
        },
        "image_structure_metadata": {
          "COMPRESSION": "LZW",
          "INTERLEAVE": "BAND"
        },
        "corner_coordinates": {
          "uppper_left": [
            89.99999928,
            -180
          ],
          "lower_left": [
            -90,
            -180
          ],
          "upper_right": [
            89.99999928,
            179.99999856
          ],
          "lower_right": [
            -90,
            179.99999856
          ],
          "center": [
            92000.000,
            6654000.000
          ]
        }
      }
    },
    {
      "path": "data/cbig_gpan_national2040.csv",
      "dialect": {
        "delimiter": ";"
      },
      "schema": {
        "fields": [
          {
            "name": "pr_lost",
            "title": "Proportion of landscape lost",
            "type": "number",
            "description": "The proportion of the landscape removed in percents ([0-100])."
          },
          {
            "name": "pr_rem",
            "title": "Proportion of landscape remaining",
            "type": "number",
            "description": "The proportion of landscape remaining in percents ([0-100], 1-pr_lost)."
          },
          {
            "name": "ave_pr_rem",
            "title": "Average proportion remaining",
            "type": "number",
            "description": "The average proportion over all species in percents ([0-100])."
          },
          {
            "name": "amphibians",
            "title": "Average proportion remaining for amphibians",
            "type": "number",
            "description": "The average proportion over amphibian species in percents ([0-100])."
          },
          {
            "name": "birds",
            "title": "Average proportion remaining for birds",
            "type": "number",
            "description": "The average proportion over bird species in percents ([0-100])."
          },
          {
            "name": "mammals",
            "title": "Average proportion remaining for mammals",
            "type": "number",
            "description": "The average proportion over mammal species in percents ([0-100])."
          },
          {
            "name": "reptiles",
            "title": "Average proportion remaining for reptiles",
            "type": "number",
            "description": "The average proportion over reptile species in percents ([0-100])."
          },
          {
            "name": "LC",
            "title": "Average proportion remaining for LC species",
            "type": "number",
            "description": "The average proportion over all species with IUCN category LC in percents ([0-100])."
          },
          {
            "name": "NT",
            "title": "Average proportion remaining for NT species",
            "type": "number",
            "description": "The average proportion over all species with IUCN category NT in percents ([0-100])."
          },
          {
            "name": "VU",
            "title": "Average proportion remaining for VU species",
            "type": "number",
            "description": "The average proportion over all species with IUCN category VU in percents ([0-100])."
          },
          {
            "name": "EN",
            "title": "Average proportion remaining for EN species",
            "type": "number",
            "description": "The average proportion over all species with IUCN category EN in percents ([0-100])."
          },
          {
            "name": "CR",
            "title": "Average proportion remaining for CR species",
            "type": "number",
            "description": "The average proportion over all species with IUCN category CR in percents ([0-100])."
          },
          {
            "name": "endangered",
            "title": "Average proportion remaining for all endangered species",
            "type": "number",
            "description": "The average proportion remaining for all endangered species (IUCN categories EN, VU and CR)  in percents ([0-100])."
          }
        ]
      }
    }
  ]
}
